"0","knitr::opts_chunk$set(echo = TRUE)"
"0",""
"0","library(here)"
"0","library(rio)"
"0","library(janitor)"
"0","library(mice)"
"0","library(glmnet)"
"0","library(recipes)"
"0","library(cutpointr)"
"0","library(vip)"
"0","library(caret)"
"0","library(gtools)"
"0","library(finalfit)"
"0","library(DALEX)"
"0","library(patchwork)"
"0","library(iBreakDown)"
"0","library(r2d3)"
"0","library(gtsummary)"
"0","library(effsize)"
"0","library(epitools)"
"0","library(tidyverse)"
"0","library(ggforce)"
"0","library(renv)"
"0","library(ranger)"
